{"cameraMode":{"drawMode":0,"name":"Shaded","section":"Shading Mode"},"sceneLighting":true,"audioPlay":false,"sceneViewState":{"showFog":true,"showMaterialUpdate":false,"showSkybox":true,"showFlares":true,"showImageEffects":true,"showParticleSystems":true},"in2DMode":false,"pivot":{"x":0.0,"y":1.1796766519546509,"z":-1.389700174331665},"rotation":{"x":0.043485380709171298,"y":-0.006595505867153406,"z":0.0002871784381568432,"w":0.9990322589874268},"size":19.610130310058595,"orthographic":false}